<application>
  <component name="UpdatesConfigurable">
    <ignoredBuildNumbers>
      <item value="cmdline-tools;latest#6.0" />
      <item value="emulator#31.2.6" />
      <item value="platform-tools#32.0.0" />
    </ignoredBuildNumbers>
    <option name="LAST_BUILD_CHECKED" value="AI-212.5712.43.2112.8609683" />
    <option name="LAST_TIME_CHECKED" value="1660369769465" />
    <option name="THIRD_PARTY_PLUGINS_ALLOWED" value="true" />
    <option name="UPDATE_CHANNEL_TYPE" value="release" />
  </component>
</application>