{
  "_generated": "Generated by SweetTooth, do not edit",
  "description": "Indulge in nostalgia with useless 3D effects.",
  "donations": {
    "github": "schneegans",
    "kofi": "schneegans",
    "paypal": "simonschneegans"
  },
  "gettext-domain": "desktop-cube",
  "name": "Desktop Cube",
  "settings-schema": "org.gnome.shell.extensions.desktop-cube",
  "shell-version": [
    "42",
    "43",
    "44"
  ],
  "url": "https://github.com/Schneegans/Desktop-Cube",
  "uuid": "desktop-cube@schneegans.github.com",
  "version": 23
}